mean_fit_time,std_fit_time,mean_score_time,std_score_time,param_subsample,param_num_leaves,param_n_estimators,param_max_depth,param_learning_rate,param_colsample_bytree,params,split0_test_score,split1_test_score,split2_test_score,mean_test_score,std_test_score,rank_test_score
493.1252410411835,5.013183443408804,0.028520901997884113,0.012723353666093533,0.8,31,100,10,0.05,0.8,"{'subsample': 0.8, 'num_leaves': 31, 'n_estimators': 100, 'max_depth': 10, 'learning_rate': 0.05, 'colsample_bytree': 0.8}",0.6484560570071259,0.6437054631828979,0.6270783847980997,0.6397466349960412,0.00916534988344439,1
659.3639101982117,0.28055277299370973,0.006957213083902995,0.00244517526957524,0.8,50,200,20,0.1,0.8,"{'subsample': 0.8, 'num_leaves': 50, 'n_estimators': 200, 'max_depth': 20, 'learning_rate': 0.1, 'colsample_bytree': 0.8}",0.6508313539192399,0.6318289786223278,0.6235154394299287,0.6353919239904987,0.011432722943937953,5
286.1432872613271,1.502477970267482,0.05026570955912272,0.009162908002425299,0.8,20,50,20,0.05,0.8,"{'subsample': 0.8, 'num_leaves': 20, 'n_estimators': 50, 'max_depth': 20, 'learning_rate': 0.05, 'colsample_bytree': 0.8}",0.6508313539192399,0.6330166270783848,0.6353919239904988,0.6397466349960411,0.007897837428052232,2
281.21616832415265,2.3237641920682086,0.13357114791870117,0.05488222863139731,0.8,20,50,10,0.05,0.8,"{'subsample': 0.8, 'num_leaves': 20, 'n_estimators': 50, 'max_depth': 10, 'learning_rate': 0.05, 'colsample_bytree': 0.8}",0.6484560570071259,0.6282660332541568,0.6365795724465558,0.6377672209026128,0.008285213593213152,3
370.00468532244366,1.25725421967918,0.04050199190775553,0.00045613299492612173,0.8,31,50,30,0.05,0.8,"{'subsample': 0.8, 'num_leaves': 31, 'n_estimators': 50, 'max_depth': 30, 'learning_rate': 0.05, 'colsample_bytree': 0.8}",0.6484560570071259,0.6342042755344418,0.6306413301662708,0.6377672209026128,0.007696841684569931,3
