mean_fit_time,std_fit_time,mean_score_time,std_score_time,param_subsample,param_num_leaves,param_n_estimators,param_max_depth,param_learning_rate,param_colsample_bytree,params,split0_test_score,split1_test_score,split2_test_score,mean_test_score,std_test_score,rank_test_score
162.97296992937723,115.23158451639196,0.04067603747049967,0.020658882724188993,0.8,20,50,10,0.05,0.8,"{'subsample': 0.8, 'num_leaves': 20, 'n_estimators': 50, 'max_depth': 10, 'learning_rate': 0.05, 'colsample_bytree': 0.8}",0.6484560570071259,0.6282660332541568,0.6365795724465558,0.6377672209026128,0.008285213593213152,4
332.74294781684875,3.860100689631552,0.05061920483907064,0.015662329807290005,0.8,31,50,10,0.05,0.8,"{'subsample': 0.8, 'num_leaves': 31, 'n_estimators': 50, 'max_depth': 10, 'learning_rate': 0.05, 'colsample_bytree': 0.8}",0.6437054631828979,0.6365795724465558,0.6306413301662708,0.6369754552652415,0.005340751212680953,5
352.10325566927594,0.8136187936937981,0.032711029052734375,0.01359226321403101,0.8,31,50,15,0.05,0.8,"{'subsample': 0.8, 'num_leaves': 31, 'n_estimators': 50, 'max_depth': 15, 'learning_rate': 0.05, 'colsample_bytree': 0.8}",0.6508313539192399,0.6342042755344418,0.6342042755344418,0.6397466349960412,0.007838079918140643,2
360.76039449373883,0.01536711338420666,0.006293932596842448,0.003487355689526869,0.8,20,100,15,0.1,0.8,"{'subsample': 0.8, 'num_leaves': 20, 'n_estimators': 100, 'max_depth': 15, 'learning_rate': 0.1, 'colsample_bytree': 0.8}",0.6520190023752969,0.6543942992874109,0.6140142517814727,0.6401425178147268,0.018500904901896906,1
351.05813876787823,1.0936670513556908,0.0367280642191569,0.011883523401421299,0.8,31,50,15,0.1,0.8,"{'subsample': 0.8, 'num_leaves': 31, 'n_estimators': 50, 'max_depth': 15, 'learning_rate': 0.1, 'colsample_bytree': 0.8}",0.6484560570071259,0.6401425178147269,0.6258907363420427,0.6381631037212985,0.009317974897814616,3
